date,open,high,low,close
1998-01-02,20.72,20.78,20.19,20.38
1998-01-05,20.28,20.6,19.82,20.0
1998-01-06,19.75,19.85,19.07,19.38
1998-01-07,19.25,19.5,19.1,19.5
1998-01-08,19.5,19.5,19.1,19.25
1998-01-09,19.38,19.75,19.22,19.66
1998-01-12,19.63,19.88,19.44,19.69
1998-01-13,19.63,20.35,19.63,20.25
1998-01-14,20.25,20.5,19.88,20.0
1998-01-15,20.0,20.03,19.88,19.91
1998-01-16,20.0,20.38,20.0,20.07
1998-01-20,20.35,21.19,20.22,21.03
1998-01-21,20.91,21.19,20.63,21.13
1998-01-22,21.0,21.47,21.0,21.32
1998-01-23,21.32,21.5,20.75,20.82
1998-01-26,20.75,20.94,20.0,20.1
1998-01-27,20.25,20.69,20.22,20.57
1998-01-28,20.69,20.69,20.41,20.47
1998-01-29,20.25,20.6,20.19,20.41
1998-01-30,20.5,20.94,20.47,20.72
1998-02-02,20.91,21.28,20.88,21.0
1998-02-03,20.97,21.38,20.97,21.22
1998-02-04,21.22,21.28,21.13,21.22
1998-02-05,21.25,21.38,21.0,21.16
1998-02-06,21.16,21.16,20.82,20.91
1998-02-09,20.97,21.07,20.75,20.97
1998-02-10,20.97,21.38,20.91,21.22
1998-02-11,21.22,21.25,20.88,21.0
1998-02-12,20.91,21.66,20.85,21.63
1998-02-13,21.44,21.69,21.35,21.66
1998-02-17,21.72,22.07,21.6,21.97
1998-02-18,21.97,22.25,21.91,22.25
1998-02-19,22.19,22.88,22.19,22.82
1998-02-20,22.75,23.03,22.5,22.82
1998-02-23,22.69,22.75,22.28,22.5
1998-02-24,22.32,22.47,22.0,22.19
1998-02-25,22.32,23.19,22.25,23.19
1998-02-26,23.07,23.82,23.07,23.47
1998-02-27,23.28,23.57,23.0,23.5
1998-03-02,23.19,23.47,23.13,23.44
1998-03-03,23.44,23.6,23.32,23.44
1998-03-04,23.22,23.6,23.19,23.38
1998-03-05,23.07,23.63,23.07,23.6
1998-03-06,23.47,24.0,23.41,23.85
1998-03-09,23.66,23.94,23.63,23.82
1998-03-10,23.91,23.97,23.78,23.88
1998-03-11,23.6,23.85,23.6,23.75
1998-03-12,23.57,23.85,23.5,23.82
1998-03-13,23.72,23.72,23.22,23.41
1998-03-16,23.41,23.47,22.82,23.0
1998-03-17,23.0,23.16,22.82,22.94
1998-03-18,23.1,23.5,22.97,23.44
1998-03-19,23.35,23.57,23.32,23.47
1998-03-20,23.6,23.69,23.32,23.63
1998-03-23,23.5,23.94,23.5,23.75
1998-03-24,23.88,23.97,23.63,23.69
1998-03-25,23.72,23.82,23.47,23.63
1998-03-26,23.5,23.69,23.32,23.35
1998-03-27,23.47,23.5,23.03,23.13
1998-03-30,23.0,23.19,22.75,23.0
1998-03-31,23.1,23.44,22.94,23.19
1998-04-01,23.07,23.22,22.97,23.19
1998-04-02,23.19,23.63,23.13,23.41
1998-04-03,23.41,23.6,23.32,23.47
1998-04-06,23.63,23.69,23.19,23.19
1998-04-07,23.32,23.47,23.22,23.41
1998-04-08,23.35,23.38,22.78,22.97
1998-04-09,23.03,23.82,23.03,23.72
1998-04-13,23.72,23.78,23.41,23.63
1998-04-14,23.82,25.75,23.78,25.0
1998-04-15,25.13,25.57,25.1,25.32
1998-04-16,25.19,25.22,24.88,25.07
1998-04-17,25.0,26.07,24.94,25.91
1998-04-20,25.97,26.0,25.32,25.72
1998-04-21,25.5,25.78,25.16,25.57
1998-04-23,24.88,24.97,24.47,24.72
1998-04-24,24.5,24.5,24.16,24.28
1998-04-27,24.22,24.25,23.72,23.88
1998-04-28,24.07,24.6,24.03,24.38
1998-04-29,24.35,24.35,24.13,24.22
1998-04-30,24.25,24.75,24.13,24.6
1998-05-01,24.6,25.57,24.6,25.38
1998-05-04,25.97,25.97,24.97,25.03
1998-05-05,25.13,26.13,25.13,26.13
1998-05-06,26.28,26.47,25.88,26.32
1998-05-07,26.19,26.44,26.0,26.38
1998-05-08,26.41,26.47,26.16,26.47
1998-05-11,26.41,26.6,26.25,26.5
1998-05-12,26.5,26.66,25.75,26.47
1998-05-13,26.25,26.32,26.1,26.16
1998-05-14,26.13,26.13,25.6,25.69
1998-05-15,25.75,25.97,25.38,25.38
1998-05-18,25.57,25.75,25.41,25.69
1998-05-19,25.78,25.85,25.44,25.57
1998-05-20,25.57,25.57,25.57,25.57
1998-05-21,25.53,25.66,25.19,25.25
1998-05-22,25.25,25.32,24.82,25.03
1998-05-26,25.1,25.22,24.78,24.85
1998-05-27,24.72,24.72,24.28,24.44
1998-05-28,24.41,25.07,24.35,24.94
1998-05-29,25.0,25.1,24.82,25.07
1998-06-01,25.07,25.35,24.66,24.88
1998-06-02,25.07,25.22,24.85,25.13
1998-06-03,25.22,25.38,24.91,24.94
1998-06-04,25.0,25.19,24.88,25.07
1998-06-05,25.25,25.78,25.1,25.75
1998-06-08,25.72,25.97,25.6,25.88
1998-06-09,26.0,26.0,25.25,25.41
1998-06-11,25.13,25.25,24.82,24.88
1998-06-12,24.82,25.03,24.75,24.94
1998-06-15,24.69,24.82,24.22,24.69
1998-06-16,24.57,24.75,24.35,24.41
1998-06-17,24.5,25.0,24.47,24.88
1998-06-18,24.97,24.97,24.66,24.82
1998-06-19,24.85,25.07,24.6,24.91
1998-06-22,24.94,25.35,24.82,24.82
1998-06-23,24.94,25.1,24.75,24.82
1998-06-24,24.82,24.82,24.57,24.69
1998-06-25,24.69,25.19,24.63,24.97
1998-06-26,24.94,25.53,24.91,25.32
1998-06-29,25.6,26.22,25.5,26.1
1998-06-30,26.13,27.16,26.1,27.03
1998-07-01,27.0,27.32,26.75,26.94
1998-07-02,27.13,27.53,26.97,27.13
1998-07-06,27.22,27.44,27.13,27.28
1998-07-07,27.38,27.38,27.13,27.22
1998-07-08,27.22,27.35,27.03,27.25
1998-07-09,27.25,27.32,27.13,27.25
1998-07-10,27.28,27.41,27.1,27.35
1998-07-13,27.5,27.97,27.38,27.82
1998-07-14,27.94,28.38,27.57,27.88
1998-07-15,27.5,28.53,27.5,28.03
1998-07-16,27.97,28.88,27.97,28.88
1998-07-17,28.82,29.1,28.63,28.97
1998-07-20,28.94,29.22,28.07,28.35
1998-07-21,28.32,28.32,27.91,28.22
1998-07-22,28.25,28.25,27.91,28.25
1998-07-23,27.82,28.28,27.78,28.25
1998-07-24,28.25,28.32,27.07,27.63
1998-07-27,27.25,27.5,26.94,27.44
1998-07-28,27.47,27.63,26.72,27.13
1998-07-29,27.25,27.32,26.82,26.85
1998-07-30,26.75,27.22,26.75,27.1
1998-07-31,27.03,27.07,26.13,26.47
1998-08-03,26.5,26.66,26.0,26.07
1998-08-04,26.32,26.32,24.94,25.0
1998-08-05,25.0,25.22,24.07,24.63
1998-08-06,24.57,24.63,23.97,24.25
1998-08-07,24.44,25.13,24.22,24.88
1998-08-10,24.6,24.78,24.32,24.63
1998-08-11,24.44,24.44,23.75,23.88
1998-08-12,24.44,24.44,23.75,24.0
1998-08-13,24.0,24.1,23.44,23.78
1998-08-14,23.78,23.97,23.16,23.38
1998-08-17,23.38,24.13,23.28,23.78
1998-08-18,23.94,23.94,23.47,23.72
1998-08-19,24.0,24.83,23.82,24.53
1998-08-20,24.44,24.69,24.32,24.53
1998-08-21,23.88,24.19,22.94,23.69
1998-08-24,23.82,24.03,23.44,23.53
1998-08-25,23.63,23.97,23.6,23.63
1998-08-26,23.57,23.88,23.5,23.66
1998-08-27,23.5,23.63,22.69,23.0
1998-08-28,23.25,23.25,21.97,22.03
1998-08-31,22.16,22.82,20.94,21.16
1998-09-01,21.41,21.69,20.32,21.57
1998-09-02,21.72,22.85,21.47,22.25
1998-09-03,22.35,22.38,21.6,21.85
1998-09-04,21.91,22.25,21.38,21.72
1998-09-08,22.25,23.03,21.94,22.5
1998-09-09,23.25,23.25,22.17,22.38
1998-09-10,21.94,22.25,21.91,22.1
1998-09-11,21.91,23.07,21.91,22.97
1998-09-14,23.5,24.91,23.41,24.88
1998-09-15,24.88,25.32,24.41,25.32
1998-09-16,25.38,25.88,25.25,25.85
1998-09-17,25.07,25.32,24.78,25.0
1998-09-18,25.0,25.32,24.57,25.0
1998-09-21,24.5,25.66,24.38,25.38
1998-09-22,25.38,25.47,24.88,25.35
1998-09-23,25.47,26.88,25.47,26.88
1998-09-24,26.88,27.0,26.32,26.5
1998-09-28,26.13,26.13,25.5,25.57
1998-09-29,25.63,26.0,25.57,26.0
1998-09-30,26.03,26.78,26.03,26.75
1998-10-01,26.25,26.25,25.57,25.69
1998-10-02,25.72,26.44,25.63,26.07
1998-10-05,26.07,26.72,25.94,26.5
1998-10-06,26.5,26.69,25.88,26.0
1998-10-07,25.91,26.53,25.5,26.0
1998-10-08,25.66,26.07,25.25,25.69
1998-10-09,25.75,25.94,24.75,25.69
1998-10-12,25.88,26.07,25.32,25.47
1998-10-13,25.5,26.16,25.0,25.6
1998-10-14,25.63,25.91,25.63,25.66
1998-10-15,25.44,26.32,25.28,26.1
1998-10-16,26.75,26.75,26.13,26.57
1998-10-19,26.47,26.57,26.13,26.28
1998-10-20,26.32,26.69,26.28,26.47
1998-10-21,26.6,26.63,25.75,26.38
1998-10-22,26.25,26.25,25.75,26.07
1998-10-23,26.07,26.28,25.69,26.25
1998-10-26,26.38,26.57,25.91,26.0
1998-10-27,26.38,26.57,26.0,26.1
1998-10-28,26.19,26.25,25.75,25.85
1998-10-29,25.66,26.07,25.38,26.07
1998-10-30,26.22,26.63,26.07,26.38
1998-11-02,26.41,26.88,26.07,26.85
1998-11-03,26.94,27.6,26.94,27.53
1998-11-04,27.63,28.47,27.63,28.07
1998-11-05,27.94,28.07,27.78,28.0
1998-11-06,27.82,28.0,27.57,27.91
1998-11-09,28.5,29.22,28.44,29.16
1998-11-10,28.75,28.78,28.19,28.22
1998-11-11,28.22,28.22,27.22,27.5
1998-11-12,27.57,27.63,26.97,27.44
1998-11-13,27.5,27.82,26.94,27.03
1998-11-16,27.44,27.5,26.91,27.41
1998-11-17,27.25,27.28,26.82,26.97
1998-11-18,27.25,27.57,26.69,27.5
1998-11-19,27.57,28.03,27.44,27.57
1998-11-20,27.69,27.97,27.5,27.82
1998-11-23,27.94,28.41,27.85,28.16
1998-11-24,28.25,28.41,27.5,28.0
1998-11-25,27.47,27.47,27.47,27.47
1998-11-27,27.25,27.72,27.0,27.1
1998-11-30,26.75,27.1,26.13,26.25
1998-12-01,26.16,26.5,26.07,26.35
1998-12-02,26.03,26.16,25.5,25.91
1998-12-03,25.97,26.1,25.63,25.94
1998-12-04,26.19,27.6,26.19,27.38
1998-12-07,27.5,27.5,26.88,27.03
1998-12-08,27.0,28.0,27.0,27.16
1998-12-09,27.19,27.69,27.07,27.22
1998-12-10,27.03,27.28,27.0,27.1
1998-12-11,27.03,27.22,27.0,27.0
1998-12-14,26.85,27.28,26.82,26.94
1998-12-15,27.0,27.0,26.28,26.72
1998-12-16,27.5,27.88,27.47,27.57
1998-12-17,27.6,27.94,27.5,27.94
1998-12-18,27.82,28.41,27.53,28.07
1998-12-21,27.88,28.63,27.88,28.44
1998-12-22,28.44,28.72,28.22,28.69
1998-12-23,28.82,29.35,28.57,29.35
1998-12-24,29.38,29.38,29.0,29.16
1998-12-28,29.03,29.16,28.44,28.57
1998-12-29,28.97,29.25,28.57,28.66
1998-12-30,28.69,28.69,28.19,28.32
1998-12-31,28.0,28.78,28.0,28.53
1999-01-04,28.88,29.75,28.75,29.63
1999-01-05,29.57,30.07,29.44,29.5
1999-01-06,29.88,29.88,29.22,29.72
1999-01-07,29.69,31.44,29.32,31.0
1999-01-08,31.13,32.69,31.13,32.57
1999-01-11,32.07,33.13,31.78,32.22
1999-01-12,32.07,33.57,32.03,33.44
1999-01-13,32.25,32.5,31.57,31.82
1999-01-14,31.78,31.97,29.94,30.25
1999-01-15,30.57,32.25,30.38,31.91
1999-01-19,31.63,32.69,31.44,32.5
1999-01-20,32.19,32.72,31.94,32.53
1999-01-21,32.82,33.44,32.41,33.0
1999-01-22,32.88,33.47,32.53,33.16
1999-01-25,33.03,33.47,32.16,32.69
1999-01-26,32.69,32.69,31.88,32.19
1999-01-27,32.38,32.75,31.88,32.1
1999-01-28,32.16,32.72,31.94,32.6
1999-01-29,32.5,33.25,32.38,33.0
1999-02-01,33.0,33.69,32.78,32.97
1999-02-02,32.75,32.75,31.63,32.41
1999-02-03,32.0,32.19,31.63,32.03
1999-02-04,31.97,31.97,30.6,30.88
1999-02-05,31.13,31.66,30.91,31.47
1999-02-08,31.0,32.38,31.0,32.35
1999-02-09,32.13,32.22,31.69,31.94
1999-02-10,31.82,32.0,31.19,31.53
1999-02-11,31.41,31.5,30.88,31.35
1999-02-12,31.57,31.88,31.35,31.35
1999-02-16,31.63,31.75,31.35,31.57
1999-02-17,31.38,31.57,30.78,30.97
1999-02-18,31.03,31.13,30.35,30.66
1999-02-19,30.57,31.38,30.44,31.25
1999-02-22,31.16,32.28,30.63,32.0
1999-02-23,31.91,33.0,31.88,32.66
1999-02-24,32.66,34.44,32.6,34.13
1999-02-25,33.57,33.57,32.32,33.0
1999-02-26,32.88,33.16,32.07,32.5
1999-03-01,32.5,32.53,31.5,31.75
1999-03-02,31.88,32.16,30.97,31.32
1999-03-03,31.22,31.78,31.16,31.69
1999-03-04,31.75,32.66,31.75,32.5
1999-03-05,32.75,33.07,32.72,32.94
1999-03-08,32.82,33.5,32.69,33.35
1999-03-09,33.38,34.22,33.03,33.88
1999-03-10,34.0,35.07,34.0,35.0
1999-03-11,34.94,35.6,34.85,35.28
1999-03-12,34.88,35.0,34.35,34.44
1999-03-15,34.13,34.19,33.72,34.0
1999-03-16,34.07,34.07,33.47,33.47
1999-03-17,33.35,33.88,33.28,33.82
1999-03-18,34.25,34.91,34.19,34.82
1999-03-19,34.94,34.97,34.44,34.63
1999-03-22,34.44,34.88,33.85,33.85
1999-03-23,33.85,34.28,32.94,32.97
1999-03-24,33.07,33.38,32.5,32.91
1999-03-25,32.97,32.97,32.53,32.88
1999-03-26,32.82,32.85,32.32,32.53
1999-03-29,32.63,33.5,32.53,33.1
1999-03-30,33.0,33.0,32.38,32.5
1999-03-31,32.75,32.75,31.5,32.13
1999-04-01,32.0,32.47,31.85,32.22
1999-04-05,32.38,32.38,31.44,31.57
1999-04-06,31.66,32.1,31.53,31.53
1999-04-07,31.94,31.97,30.75,31.28
1999-04-08,31.41,32.53,31.32,31.97
1999-04-09,31.88,32.25,31.6,32.03
1999-04-12,31.94,32.0,30.5,31.0
1999-04-13,31.75,33.22,31.69,32.97
1999-04-14,33.1,34.0,33.1,33.69
1999-04-15,33.78,34.72,33.72,34.5
1999-04-16,34.63,34.94,34.1,34.75
1999-04-19,34.75,34.91,33.5,34.0
1999-04-20,34.13,34.47,33.19,33.32
1999-04-21,33.32,33.82,33.07,33.35
1999-04-22,33.47,34.44,32.85,34.38
1999-04-23,34.38,34.63,34.25,34.5
1999-04-26,34.47,34.47,34.13,34.32
1999-04-27,34.6,35.16,34.38,35.0
1999-04-28,35.13,36.44,35.1,36.0
1999-04-29,36.13,37.03,35.78,37.0
1999-04-30,37.0,37.85,36.63,37.63
1999-05-03,37.6,38.19,37.13,37.85
1999-05-04,37.78,38.38,37.47,38.1
1999-05-05,38.03,38.5,37.1,38.47
1999-05-06,38.38,38.44,37.69,38.0
1999-05-07,38.19,38.22,37.85,38.13
1999-05-10,38.0,38.07,37.03,37.6
1999-05-11,37.47,37.82,36.82,37.57
1999-05-12,36.82,37.57,36.5,37.25
1999-05-13,37.22,38.07,37.1,37.28
1999-05-14,37.16,37.16,36.25,36.38
1999-05-17,36.19,37.13,35.97,36.75
1999-05-18,36.38,36.78,36.19,36.28
1999-05-19,36.41,36.97,36.38,36.5
1999-05-20,36.75,37.47,36.75,37.03
1999-05-21,37.0,37.25,36.6,36.66
1999-05-24,36.53,37.16,36.07,36.07
1999-05-25,36.19,37.03,36.19,36.44
1999-05-26,36.63,36.69,35.5,36.5
1999-05-27,36.38,36.38,35.22,35.25
1999-05-28,35.38,35.88,35.25,35.69
1999-06-01,36.0,36.25,35.78,36.25
1999-06-02,36.28,38.25,36.19,37.44
1999-06-03,37.41,38.44,37.41,38.22
1999-06-04,38.16,39.47,38.1,39.47
1999-06-07,39.13,39.19,38.75,38.97
1999-06-08,39.0,39.19,38.53,38.66
1999-06-09,38.75,39.41,38.57,39.16
1999-06-10,39.03,39.72,38.0,39.28
1999-06-11,39.5,40.69,39.5,40.5
1999-06-14,40.75,41.47,40.63,41.1
1999-06-15,41.1,41.13,39.63,39.72
1999-06-16,39.69,39.97,39.1,39.19
1999-06-17,39.19,39.72,39.0,39.6
1999-06-18,39.6,39.6,38.85,38.94
1999-06-21,39.0,39.0,38.25,38.32
1999-06-22,37.94,38.91,37.94,38.5
1999-06-23,38.25,38.78,38.13,38.66
1999-06-24,38.75,38.75,37.97,38.63
1999-06-25,38.63,38.85,38.28,38.5
1999-06-28,38.82,39.75,38.82,39.72
1999-06-29,39.72,40.6,39.1,40.6
1999-06-30,40.25,40.88,39.6,40.88
1999-07-01,40.25,40.69,40.0,40.57
1999-07-02,40.97,40.97,40.0,40.63
1999-07-06,40.88,42.1,40.57,41.94
1999-07-07,41.82,41.91,41.5,41.82
1999-07-08,41.82,42.47,41.75,42.25
1999-07-09,42.38,43.25,42.38,43.19
1999-07-12,43.22,43.47,42.5,42.57
1999-07-13,42.38,42.5,41.5,42.0
1999-07-14,42.0,42.25,41.19,41.28
1999-07-15,41.32,41.41,40.82,40.97
1999-07-16,41.0,42.32,40.97,42.0
1999-07-19,42.0,42.97,41.88,42.66
1999-07-20,42.66,43.35,42.07,42.78
1999-07-21,42.78,42.91,42.32,42.63
1999-07-22,42.75,42.75,41.78,41.94
1999-07-23,42.0,42.32,41.94,41.94
1999-07-26,42.13,42.32,41.94,41.97
1999-07-27,42.03,42.22,41.69,41.91
1999-07-28,41.78,42.1,41.6,42.0
1999-07-29,41.88,42.25,41.69,42.03
1999-07-30,42.16,42.6,42.07,42.6
1999-08-02,42.6,42.82,41.94,42.03
1999-08-03,42.1,42.35,41.69,42.13
1999-08-04,42.19,42.88,42.0,42.38
1999-08-05,42.5,42.88,42.19,42.72
1999-08-06,42.47,43.44,42.38,43.41
1999-08-09,43.28,44.5,43.13,44.07
1999-08-10,44.0,44.72,43.88,44.28
1999-08-11,44.25,44.28,43.25,44.02
1999-08-12,43.69,43.82,43.0,43.0
1999-08-13,42.75,43.88,42.6,43.85
1999-08-16,44.38,44.69,43.44,43.88
1999-08-17,44.0,44.56,43.5,44.31
1999-08-18,44.56,44.56,43.31,43.69
1999-08-19,43.31,43.88,42.94,43.75
1999-08-20,44.13,44.19,43.25,43.94
1999-08-23,43.94,44.5,43.88,44.25
1999-08-24,44.25,44.63,43.31,43.94
1999-08-25,43.75,43.88,42.31,43.13
1999-08-26,43.13,43.44,41.0,42.06
1999-08-27,42.31,42.69,41.88,42.38
1999-08-30,41.81,42.81,41.0,41.25
1999-08-31,41.19,42.44,41.0,41.88
1999-09-01,42.13,42.31,40.56,41.31
1999-09-02,41.06,41.06,39.0,40.19
1999-09-03,41.0,41.63,40.69,41.5
1999-09-07,41.56,42.38,41.0,41.38
1999-09-08,41.13,41.25,40.13,40.44
1999-09-09,40.56,42.88,40.31,42.25
1999-09-10,42.94,43.25,42.5,42.81
1999-09-13,42.56,42.56,41.69,41.94
1999-09-14,41.69,42.13,41.13,41.94
1999-09-15,42.5,42.56,41.25,41.63
1999-09-16,41.88,41.94,40.38,41.69
1999-09-17,41.0,42.25,41.0,42.25
1999-09-20,42.25,42.25,40.13,41.25
1999-09-21,41.0,41.0,38.31,39.5
1999-09-22,40.5,40.5,39.13,39.5
1999-09-23,39.5,39.5,38.13,39.0
1999-09-24,39.06,39.94,38.13,39.81
1999-09-27,39.81,39.81,38.75,38.88
1999-09-28,38.13,39.44,38.06,39.25
1999-09-29,39.38,40.94,39.31,39.5
1999-09-30,40.25,41.38,39.75,41.06
1999-10-01,41.44,41.63,40.25,40.94
1999-10-04,40.5,40.56,39.25,40.19
1999-10-05,40.0,41.06,39.38,40.0
1999-10-06,40.25,40.25,37.94,38.38
1999-10-07,38.13,38.44,36.81,37.0
1999-10-08,37.44,39.5,37.25,38.94
1999-10-11,38.75,40.0,38.13,38.88
1999-10-12,39.0,40.25,38.5,38.81
1999-10-13,38.81,40.38,38.25,40.06
1999-10-14,39.56,39.81,38.69,39.06
1999-10-15,39.19,39.19,37.88,38.25
1999-10-18,37.63,38.5,37.5,38.19
1999-10-19,38.5,40.0,38.38,39.25
1999-10-20,39.5,39.5,38.56,39.25
1999-10-21,39.0,39.13,37.5,38.31
1999-10-22,38.25,39.19,37.06,39.06
1999-10-25,39.06,39.06,36.69,37.25
1999-10-26,37.5,38.25,36.81,37.69
1999-10-27,37.81,39.94,37.69,39.31
1999-10-28,40.0,40.63,39.94,40.31
1999-10-29,40.94,40.94,39.31,39.94
1999-11-01,39.81,40.0,37.0,37.69
1999-11-02,37.94,38.75,37.5,38.25
1999-11-03,39.0,40.0,38.5,40.0
1999-11-04,39.5,39.88,38.38,38.56
1999-11-05,39.0,39.25,37.31,37.94
1999-11-08,39.75,39.75,38.0,38.38
1999-11-09,38.81,39.56,38.5,39.25
1999-11-10,39.5,40.94,39.44,40.81
1999-11-11,41.0,42.19,40.94,41.88
1999-11-12,42.0,42.69,41.75,42.63
1999-11-15,42.5,43.06,41.88,42.31
1999-11-16,42.63,43.0,40.75,41.06
1999-11-17,41.94,41.94,40.25,40.44
1999-11-18,40.5,40.75,40.0,40.25
1999-11-19,39.5,39.69,39.0,39.0
1999-11-22,39.0,39.13,35.56,37.0
1999-11-23,37.0,37.0,34.88,35.5
1999-11-24,36.06,38.94,36.0,38.69
1999-11-26,38.13,38.63,37.75,37.75
1999-11-29,37.75,38.38,37.31,37.75
1999-11-30,37.88,38.25,37.5,38.06
1999-12-01,37.81,38.0,37.5,37.73
1999-12-02,38.0,38.06,37.5,37.81
1999-12-03,37.94,38.31,37.69,37.88
1999-12-06,37.69,37.75,37.44,37.63
1999-12-07,37.5,37.63,35.13,36.19
1999-12-08,36.38,37.06,35.56,36.44
1999-12-09,37.0,39.25,36.94,38.94
1999-12-10,38.94,39.0,37.06,37.44
1999-12-13,38.06,38.25,36.88,37.45
1999-12-14,38.0,38.25,36.19,36.63
1999-12-15,36.88,38.0,36.25,37.38
1999-12-16,37.63,37.63,36.38,37.0
1999-12-17,38.0,41.0,37.44,41.0
1999-12-20,41.0,41.63,40.0,40.75
1999-12-21,40.0,40.75,39.94,40.5
1999-12-22,40.75,40.94,39.94,40.25
1999-12-23,40.44,40.94,39.69,40.06
1999-12-27,40.94,43.38,40.69,42.69
1999-12-28,42.31,43.0,41.75,42.88
1999-12-29,42.88,44.25,42.25,43.31
1999-12-30,44.0,44.88,43.25,44.25
1999-12-31,44.0,44.38,42.56,44.38
2000-01-03,44.56,44.56,43.44,43.44
2000-01-04,43.06,43.13,41.38,42.5
2000-01-05,42.63,44.0,41.56,43.88
2000-01-06,44.0,49.63,43.75,47.94
2000-01-07,49.5,50.25,47.19,49.06
2000-01-10,49.31,49.31,46.88,47.31
2000-01-11,47.75,48.5,46.94,47.31
2000-01-12,47.25,52.5,47.13,51.5
2000-01-13,51.44,54.38,51.0,53.38
2000-01-14,54.81,57.19,53.44,56.38
2000-01-18,56.5,56.56,54.25,55.5
2000-01-19,55.69,55.75,52.63,53.5
2000-01-20,54.5,67.5,54.38,67.38
2000-01-21,70.5,73.06,70.0,71.63
2000-01-24,71.63,71.69,63.81,65.0
2000-01-25,64.0,65.31,59.0,61.25
2000-01-26,61.0,63.88,61.0,61.13
2000-01-27,62.5,62.63,60.0,61.0
2000-01-28,61.5,62.75,59.75,60.19
2000-01-31,60.19,67.88,59.44,67.88
2000-02-01,67.31,67.5,64.0,64.5
2000-02-02,65.5,66.81,62.69,62.88
2000-02-03,62.88,64.5,61.19,63.69
2000-02-04,61.75,66.44,61.56,61.75
2000-02-07,62.5,64.31,61.75,62.5
2000-02-08,64.0,67.19,63.75,66.13
2000-02-09,66.38,68.25,66.31,66.44
2000-02-10,67.5,69.69,67.13,67.63
2000-02-11,68.0,68.19,64.56,65.88
2000-02-14,66.88,68.44,66.19,67.81
2000-02-15,69.44,69.44,67.38,68.94
2000-02-16,69.0,70.75,68.94,69.88
2000-02-17,71.0,72.0,70.0,70.31
2000-02-18,70.31,70.5,68.56,69.19
2000-02-22,69.25,70.88,66.0,66.0
2000-02-23,66.06,66.19,64.5,65.44
2000-02-24,65.94,67.94,63.69,65.56
2000-02-25,65.81,67.69,62.0,65.63
2000-02-28,64.75,65.94,62.25,64.81
2000-02-29,65.13,69.5,64.81,68.75
2000-03-01,69.0,69.5,67.06,69.0
2000-03-02,69.0,69.38,67.81,68.38
2000-03-03,68.38,68.94,67.0,68.5
2000-03-06,69.88,70.69,67.63,68.75
2000-03-07,70.0,72.44,68.94,71.31
2000-03-08,68.88,69.63,66.0,67.19
2000-03-09,67.44,67.81,63.25,65.94
2000-03-10,68.0,69.94,67.0,68.13
2000-03-13,66.13,66.88,63.88,66.0
2000-03-14,65.88,66.0,64.19,65.19
2000-03-15,66.0,69.0,65.88,68.44
2000-03-16,68.0,69.69,67.19,69.44
2000-03-17,69.69,70.5,67.75,69.25
2000-03-20,69.5,71.44,68.31,68.56
2000-03-21,69.13,72.0,68.0,71.75
2000-03-22,71.75,76.5,71.5,75.06
2000-03-23,73.25,75.31,72.69,73.0
2000-03-27,74.38,76.81,73.5,75.31
2000-03-28,76.0,76.44,72.81,72.81
2000-03-29,73.5,77.81,73.5,76.5
2000-03-30,76.75,78.06,71.75,72.06
2000-03-31,74.0,75.75,72.0,74.88
2000-04-03,75.25,76.88,73.56,73.56
2000-04-04,73.56,74.44,62.5,65.44
2000-04-05,65.25,68.38,64.81,66.56
2000-04-06,68.5,68.56,65.0,67.94
2000-04-07,69.5,70.94,69.25,69.94
2000-04-10,71.0,71.25,69.25,70.25
2000-04-11,70.5,70.5,67.25,69.13
2000-04-12,71.25,74.25,70.5,71.13
2000-04-13,72.69,74.0,70.88,73.81
2000-04-14,72.0,72.06,66.0,69.75
2000-04-17,67.5,68.25,63.0,66.75
2000-04-18,65.5,68.75,65.06,68.0
2000-04-19,67.0,71.5,67.0,70.5
2000-04-20,70.75,72.13,70.38,71.0
2000-04-24,71.0,71.0,69.13,70.5
2000-04-25,72.0,74.13,71.19,73.75
2000-04-26,72.5,74.69,72.06,72.94
2000-04-27,71.25,72.63,70.75,71.94
2000-04-28,73.0,73.0,69.5,69.69
2000-05-01,71.0,74.5,70.44,72.31
2000-05-02,73.94,76.94,73.56,76.0
2000-05-03,77.0,77.0,72.94,74.63
2000-05-04,74.5,75.25,73.38,74.38
2000-05-05,74.69,74.69,72.56,74.25
2000-05-08,73.13,76.25,73.06,75.13
2000-05-09,75.0,75.38,71.88,72.56
2000-05-10,73.38,75.81,72.63,74.75
2000-05-11,76.0,78.94,75.88,77.0
2000-05-12,77.0,78.44,74.0,75.56
2000-05-15,77.25,78.5,76.0,76.94
2000-05-16,78.0,78.75,76.5,77.88
2000-05-17,75.5,78.88,75.5,77.5
2000-05-18,77.5,78.69,76.19,77.13
2000-05-19,77.13,77.25,75.06,76.63
2000-05-22,77.13,77.31,72.56,73.25
2000-05-23,73.69,74.19,69.5,69.88
2000-05-24,69.88,69.88,66.13,67.44
2000-05-25,68.44,70.5,68.0,69.0
2000-05-26,69.13,71.06,69.13,69.94
2000-05-30,70.63,71.06,69.25,69.88
2000-05-31,70.56,71.75,70.25,71.63
2000-06-01,72.88,73.75,69.75,71.13
2000-06-02,73.0,73.31,69.25,69.5
2000-06-05,69.5,71.0,65.94,66.0
2000-06-06,68.5,71.81,68.06,70.19
2000-06-07,70.88,72.0,69.5,71.38
2000-06-08,72.0,73.13,71.5,73.06
2000-06-09,73.5,74.19,70.5,71.5
2000-06-12,71.25,73.56,71.25,73.25
2000-06-13,73.56,74.94,73.31,74.0
2000-06-14,74.0,74.0,70.19,72.0
2000-06-15,71.5,72.19,70.06,71.25
2000-06-16,70.63,71.94,70.06,71.63
2000-06-19,71.63,72.13,69.44,71.06
2000-06-20,71.44,73.0,69.5,72.69
2000-06-21,72.81,74.69,71.19,74.19
2000-06-22,74.63,74.94,72.31,73.44
2000-06-23,73.44,74.38,72.56,73.19
2000-06-26,72.5,72.69,68.94,69.63
2000-06-27,69.38,70.0,67.63,68.75
2000-06-28,70.75,70.75,68.5,68.81
2000-06-29,68.88,70.31,68.5,68.5
2000-06-30,68.5,69.63,64.48,64.5
2000-07-03,66.0,68.81,66.0,68.0
2000-07-05,70.0,70.13,65.56,66.44
2000-07-06,66.69,68.63,66.63,67.06
2000-07-07,68.19,69.0,67.25,67.63
2000-07-10,68.63,69.44,67.81,68.88
2000-07-11,69.13,71.63,68.88,70.75
2000-07-12,73.25,73.31,71.13,71.31
2000-07-13,72.0,73.0,71.0,71.5
2000-07-14,72.38,73.19,70.69,71.88
2000-07-17,71.75,72.63,71.44,72.41
2000-07-18,72.44,73.44,71.63,72.5
2000-07-19,72.88,73.81,72.06,72.56
2000-07-20,72.5,73.38,71.25,71.25
2000-07-21,71.69,73.0,71.5,73.0
2000-07-24,74.0,74.94,72.63,73.0
2000-07-25,73.0,73.63,71.06,71.69
2000-07-26,71.69,72.63,70.94,72.34
2000-07-27,73.94,77.06,73.25,77.0
2000-07-28,77.25,77.5,74.31,75.19
2000-07-31,75.5,75.88,72.75,73.75
2000-08-01,73.63,76.0,73.56,76.0
2000-08-02,75.94,78.25,75.06,77.63
2000-08-03,76.88,78.25,75.13,78.02
2000-08-04,78.38,79.13,77.06,78.0
2000-08-07,79.0,81.06,78.69,80.27
2000-08-08,80.5,83.38,80.0,82.44
2000-08-09,83.0,83.44,81.0,82.3
2000-08-10,82.38,82.5,79.5,80.77
2000-08-11,80.0,81.0,79.13,80.25
2000-08-14,80.5,84.31,79.25,84.25
2000-08-15,83.75,83.94,82.13,82.13
2000-08-16,82.38,84.25,82.38,83.88
2000-08-17,84.81,90.0,84.38,90.0
2000-08-18,86.88,88.0,86.0,86.94
2000-08-21,88.5,88.63,87.13,87.88
2000-08-22,88.25,88.69,86.81,87.5
2000-08-23,87.5,90.75,87.31,90.0
2000-08-24,89.75,89.94,85.0,86.0
2000-08-25,85.5,86.5,83.88,84.88
2000-08-28,86.25,87.0,84.81,86.63
2000-08-29,87.0,87.94,86.06,86.25
2000-08-30,86.13,86.25,84.75,84.88
2000-08-31,85.88,85.94,84.81,84.88
2000-09-01,86.88,87.44,85.13,85.33
2000-09-05,86.75,86.94,85.0,85.0
2000-09-06,86.13,86.44,83.5,84.38
2000-09-07,84.56,85.38,82.81,83.88
2000-09-08,83.5,84.94,82.69,84.21
2000-09-11,84.44,86.31,83.94,86.02
2000-09-12,85.06,86.25,84.56,86.13
2000-09-13,86.38,86.94,85.13,86.69
2000-09-14,86.94,87.25,85.5,86.7
2000-09-15,87.38,89.5,86.94,89.44
2000-09-18,89.25,90.38,88.5,89.63
2000-09-19,89.94,89.94,84.38,84.88
2000-09-20,85.5,86.31,80.56,82.18
2000-09-21,80.63,81.25,77.0,80.75
2000-09-22,79.5,83.06,79.25,83.0
2000-09-25,84.0,85.0,82.81,84.44
2000-09-26,84.25,86.06,84.19,85.5
2000-09-27,86.19,87.75,85.13,87.46
2000-09-28,88.44,89.25,87.38,89.25
2000-09-29,89.38,89.94,86.0,87.64
2000-10-02,88.0,88.69,85.0,86.44
2000-10-03,86.75,86.88,85.31,85.56
2000-10-04,85.0,85.63,82.5,83.06
2000-10-05,83.75,84.06,82.38,83.0
2000-10-06,83.94,84.0,81.31,81.63
2000-10-09,81.81,83.06,81.0,83.0
2000-10-10,82.75,83.75,81.31,81.69
2000-10-11,82.19,84.25,81.5,82.81
2000-10-12,82.81,83.06,79.5,79.88
2000-10-13,80.0,81.25,79.13,79.5
2000-10-16,79.75,81.38,79.31,80.0
2000-10-17,82.0,82.5,78.88,79.19
2000-10-18,80.0,80.5,77.63,78.75
2000-10-19,79.56,80.38,79.0,79.0
2000-10-20,80.0,81.88,79.5,80.5
2000-10-23,80.75,83.63,80.5,82.0
2000-10-24,82.88,82.88,79.63,80.19
2000-10-25,80.44,80.88,75.5,76.13
2000-10-26,78.13,78.31,75.56,77.5
2000-10-27,77.25,78.88,77.25,78.88
2000-10-30,79.25,81.5,79.25,80.69
2000-10-31,80.0,82.44,78.75,82.06
2000-11-01,82.06,83.63,82.06,83.25
2000-11-02,83.81,83.81,81.5,81.75
2000-11-03,81.5,81.5,76.75,77.38
2000-11-06,77.94,82.25,77.75,81.56
2000-11-07,82.75,83.19,80.5,81.81
2000-11-08,83.06,83.06,82.06,82.13
2000-11-09,82.81,83.19,82.25,82.94
2000-11-10,83.0,83.13,82.44,82.94
2000-11-13,82.0,82.31,78.13,79.44
2000-11-14,80.0,80.38,79.31,79.56
2000-11-15,79.56,80.56,79.31,80.38
2000-11-16,81.5,82.31,80.69,81.25
2000-11-17,82.06,82.06,79.88,81.5
2000-11-20,81.75,81.94,80.0,80.25
2000-11-21,80.5,81.44,79.25,80.38
2000-11-22,80.19,80.38,75.56,75.56
2000-11-24,77.5,79.25,77.25,77.75
2000-11-27,79.56,79.56,78.38,78.88
2000-11-28,78.69,79.69,78.44,78.44
2000-11-29,78.69,79.0,70.25,70.25
2000-11-30,71.0,71.63,63.5,64.75
2000-12-01,66.25,68.56,64.44,65.5
2000-12-04,66.5,68.75,65.25,65.94
2000-12-05,66.94,69.13,66.69,68.25
2000-12-06,68.25,72.88,67.88,71.94
2000-12-07,73.0,73.94,72.0,72.88
2000-12-08,73.5,73.56,69.75,73.06
2000-12-11,74.0,77.38,73.38,76.5
2000-12-12,76.06,77.75,75.19,77.19
2000-12-13,79.0,79.75,73.94,74.5
2000-12-14,74.5,76.88,73.44,76.5
2000-12-15,76.63,79.25,75.75,77.56
2000-12-18,77.56,79.75,77.0,79.56
2000-12-19,79.31,80.81,79.25,79.75
2000-12-20,79.0,80.0,78.06,79.75
2000-12-21,78.75,79.81,78.13,79.31
2000-12-22,78.75,81.44,78.69,81.19
2000-12-27,84.0,84.75,80.13,82.81
2000-12-28,82.38,84.88,82.19,84.63
2000-12-29,84.81,84.88,82.13,83.13
2001-01-02,84.0,84.06,79.06,79.88
2001-01-03,79.88,80.25,75.0,75.06
2001-01-04,73.38,73.81,70.19,72.0
2001-01-05,72.75,73.5,71.0,71.38
2001-01-08,71.38,72.5,70.38,71.25
2001-01-09,72.0,72.38,68.0,68.63
2001-01-10,68.5,71.19,68.06,68.94
2001-01-11,69.0,71.0,68.69,69.44
2001-01-12,70.0,71.19,68.81,70.44
2001-01-16,70.38,70.5,67.56,68.44
2001-01-17,68.25,71.63,66.06,71.13
2001-01-18,71.13,72.5,70.38,72.06
2001-01-19,70.13,72.75,70.06,70.88
2001-01-22,73.25,75.63,73.0,75.06
2001-01-23,77.0,78.88,76.5,78.56
2001-01-24,81.0,83.0,79.13,79.75
2001-01-25,79.81,82.38,79.31,82.0
2001-01-26,82.0,82.56,81.13,82.0
2001-01-29,81.1,81.32,80.1,80.77
2001-01-30,79.77,80.49,78.5,78.5
2001-01-31,79.75,80.6,78.75,80.0
2001-02-01,79.45,79.75,77.5,78.79
2001-02-02,78.48,80.39,78.3,79.98
2001-02-05,79.98,82.1,79.8,81.81
2001-02-06,81.0,81.65,80.02,80.15
2001-02-07,80.0,81.18,79.6,80.35
2001-02-08,80.85,81.5,79.6,80.0
2001-02-09,80.8,81.45,79.9,80.2
2001-02-12,79.8,80.7,79.26,79.8
2001-02-13,79.25,81.78,79.02,81.15
2001-02-14,81.2,81.49,79.91,80.0
2001-02-15,78.65,79.41,75.4,77.9
2001-02-16,77.66,78.25,75.02,76.65
2001-02-19,76.65,76.65,76.65,76.65
2001-02-20,76.7,77.07,75.02,75.09
2001-02-21,75.09,75.65,73.0,73.09
2001-02-22,73.25,73.89,71.31,72.15
2001-02-23,71.5,72.08,69.5,71.0
2001-02-26,71.0,71.98,69.35,70.56
2001-02-27,71.0,71.2,69.4,70.04
2001-02-28,70.0,70.0,68.17,68.5
2001-03-01,67.4,69.3,67.4,68.68
2001-03-02,68.45,70.57,68.24,70.19
2001-03-05,70.9,71.26,69.8,70.11
2001-03-06,70.8,70.96,68.3,68.87
2001-03-07,69.2,70.59,68.85,70.0
2001-03-08,70.0,71.36,70.0,70.59
2001-03-09,70.59,71.75,68.7,68.84
2001-03-12,67.0,68.63,61.0,61.27
2001-03-13,62.25,62.9,60.53,62.05
2001-03-14,62.05,63.72,59.99,62.75
2001-03-15,63.95,67.54,63.7,66.53
2001-03-16,66.54,66.54,62.0,62.24
2001-03-19,62.48,62.8,61.15,61.8
2001-03-20,62.5,62.5,60.94,60.95
2001-03-21,60.0,60.27,55.0,55.89
2001-03-22,55.4,55.5,51.51,55.02
2001-03-23,56.8,61.5,56.1,59.4
2001-03-26,61.0,62.05,60.31,61.48
2001-03-27,60.9,61.38,59.0,60.46
2001-03-28,59.78,59.8,57.03,58.1
2001-03-29,57.4,58.24,54.3,55.31
2001-03-30,55.31,59.0,55.31,58.1
2001-04-02,57.9,59.19,55.7,56.57
2001-04-03,57.2,57.25,53.7,54.06
2001-04-04,54.0,55.3,53.3,53.72
2001-04-05,55.5,56.08,53.6,55.7
2001-04-06,55.5,57.0,53.2,53.5
2001-04-09,54.55,56.5,53.6,55.96
2001-04-10,57.2,59.7,56.34,58.82
2001-04-11,59.95,59.96,58.51,58.51
2001-04-12,58.35,58.35,57.01,57.3
2001-04-16,57.5,59.44,56.68,59.44
2001-04-17,60.0,61.37,59.9,60.0
2001-04-18,61.4,62.9,60.15,61.62
2001-04-19,61.71,61.75,60.1,61.16
2001-04-20,61.95,61.95,59.68,59.99
2001-04-23,60.77,61.7,60.32,61.65
2001-04-24,61.95,62.95,61.6,61.87
2001-04-25,61.62,62.99,61.18,62.88
2001-04-26,63.01,63.99,63.01,63.66
2001-04-27,62.8,63.61,62.18,63.5
2001-04-30,63.2,64.75,62.26,62.72
2001-05-01,63.6,63.6,61.8,62.41
2001-05-02,63.4,63.4,59.5,60.5
2001-05-03,59.6,60.2,57.05,58.35
2001-05-04,59.0,59.7,58.46,59.48
2001-05-07,59.4,59.76,57.49,58.04
2001-05-08,57.8,57.82,55.8,56.11
2001-05-09,56.11,59.52,48.43,59.2
2001-05-10,58.95,58.96,57.15,57.6
2001-05-11,56.9,58.5,56.9,58.2
2001-05-14,58.05,59.6,57.99,58.75
2001-05-15,58.55,59.2,56.9,56.99
2001-05-16,58.0,58.1,54.99,55.01
2001-05-17,55.04,56.3,52.0,52.2
2001-05-18,53.5,55.09,52.6,54.9
2001-05-21,55.32,55.32,54.07,54.99
2001-05-22,55.6,55.65,54.7,54.95
2001-05-23,55.4,56.19,55.07,55.35
2001-05-24,56.0,56.01,53.5,54.16
2001-05-25,54.1,54.11,52.7,53.0
2001-05-29,53.81,54.0,52.6,53.05
2001-05-30,52.99,53.38,52.52,53.23
2001-05-31,53.03,53.59,52.66,52.91
2001-06-01,52.52,53.25,52.35,53.04
2001-06-04,53.0,54.95,52.74,54.54
2001-06-05,54.54,54.54,52.87,53.75
2001-06-06,53.02,53.58,51.97,52.33
2001-06-07,52.05,52.06,48.8,50.52
2001-06-08,50.52,51.31,49.52,51.13
2001-06-11,51.14,51.65,50.09,51.0
2001-06-12,51.37,51.37,50.09,50.37
2001-06-13,50.74,51.35,49.77,49.92
2001-06-14,49.6,49.6,47.35,47.91
2001-06-15,47.1,48.65,46.87,47.26
2001-06-18,47.26,48.0,44.19,44.7
2001-06-19,45.85,46.5,42.35,46.18
2001-06-20,46.19,46.5,45.01,45.8
2001-06-21,45.8,46.25,43.6,44.05
2001-06-22,44.3,45.25,43.76,44.88
2001-06-25,45.05,45.16,44.04,44.07
2001-06-26,43.6,44.7,43.25,44.19
2001-06-27,44.99,47.6,44.31,46.72
2001-06-28,46.58,49.1,46.25,48.34
2001-06-29,49.1,49.84,47.8,49.1
2001-07-02,49.5,49.7,47.5,48.3
2001-07-03,48.84,49.1,48.41,48.69
2001-07-04,48.69,48.69,48.69,48.69
2001-07-05,49.23,50.5,48.98,49.94
2001-07-06,51.1,51.5,48.59,49.06
2001-07-09,49.48,49.98,49.06,49.06
2001-07-10,49.17,49.87,49.0,49.22
2001-07-11,49.22,49.8,48.23,49.1
2001-07-12,50.4,50.8,48.55,49.55
2001-07-13,49.05,49.83,47.71,48.78
2001-07-16,49.5,50.1,48.94,49.12
2001-07-17,49.5,49.9,49.16,49.85
2001-07-18,49.85,49.85,47.6,48.97
2001-07-19,48.97,49.55,48.79,49.08
2001-07-20,49.15,49.25,47.98,48.16
2001-07-23,48.16,48.18,46.28,46.66
2001-07-24,46.67,46.67,42.0,43.24
2001-07-25,44.25,45.15,42.25,44.96
2001-07-26,45.5,47.4,44.25,46.84
2001-07-27,45.98,46.55,45.0,46.1
2001-07-30,47.0,47.04,45.4,45.73
2001-07-31,46.25,46.86,45.28,45.35
2001-08-01,45.85,46.6,45.41,45.61
2001-08-02,45.61,46.1,45.05,45.58
2001-08-03,46.1,46.1,44.86,45.36
2001-08-06,45.47,45.47,44.15,44.5
2001-08-07,44.25,44.68,43.4,43.6
2001-08-08,43.2,43.5,42.55,42.85
2001-08-09,42.5,43.0,42.0,42.78
2001-08-10,42.75,43.55,42.31,42.81
2001-08-13,42.8,43.03,42.15,42.15
2001-08-14,42.25,43.2,42.02,42.93
2001-08-15,38.5,40.25,36.87,40.25
2001-08-16,39.5,39.6,36.7,36.85
2001-08-17,36.53,37.6,36.3,36.67
2001-08-20,36.8,37.25,36.0,36.25
2001-08-21,36.75,37.2,36.45,36.88
2001-08-22,37.3,37.6,36.3,37.26
2001-08-23,37.31,37.44,36.95,36.96
2001-08-24,36.8,37.0,36.15,36.35
2001-08-27,36.9,37.9,36.35,37.76
2001-08-28,38.2,38.62,38.0,38.16
2001-08-29,38.16,38.34,37.26,37.3
2001-08-30,37.58,37.99,35.24,35.5
2001-08-31,35.7,35.8,34.58,34.99
2001-09-04,35.0,35.72,34.81,35.0
2001-09-05,34.99,35.0,32.18,32.36
2001-09-06,32.36,32.52,30.2,30.49
2001-09-07,30.48,32.15,30.0,31.57
2001-09-10,30.9,32.92,30.62,32.76
2001-09-17,32.08,33.0,30.51,30.67
2001-09-18,30.9,31.0,28.08,28.08
2001-09-19,28.85,28.85,25.5,26.41
2001-09-20,29.25,29.25,25.9,28.39
2001-09-21,30.12,30.12,27.05,28.3
2001-09-24,29.45,29.83,27.0,27.0
2001-09-25,27.25,27.73,26.99,27.0
2001-09-26,26.75,26.82,24.66,25.15
2001-09-27,25.0,25.4,24.46,25.25
2001-09-28,26.14,27.6,25.29,27.23
2001-10-01,27.6,29.45,27.05,29.15
2001-10-02,28.8,30.77,28.7,30.61
2001-10-03,34.44,34.44,31.2,33.49
2001-10-04,34.74,34.74,32.75,33.1
2001-10-05,34.5,34.5,31.58,31.73
2001-10-08,33.65,33.65,31.88,33.45
2001-10-09,34.5,34.5,33.38,33.39
2001-10-10,33.65,35.37,33.65,35.2
2001-10-11,36.0,37.5,35.5,36.79
2001-10-12,36.59,36.99,34.7,35.81
2001-10-15,35.2,35.21,32.94,33.17
2001-10-16,34.3,34.9,32.63,33.84
2001-10-17,34.0,34.08,32.05,32.2
2001-10-18,31.95,31.96,28.78,29.0
2001-10-19,28.01,28.22,25.15,26.05
2001-10-22,24.0,24.4,19.67,20.65
2001-10-23,21.4,23.25,19.62,19.79
2001-10-24,19.74,19.74,15.51,16.41
2001-10-25,16.4,17.95,16.0,16.35
2001-10-26,16.0,16.35,15.04,15.4
2001-10-29,15.15,15.55,13.55,13.81
2001-10-30,13.8,13.8,10.9,11.16
2001-10-31,11.98,14.2,11.75,13.9
2001-11-01,13.1,13.17,11.7,11.99
2001-11-02,11.85,11.85,10.91,11.3
2001-11-05,11.9,12.2,11.02,11.17
2001-11-06,11.0,11.15,9.38,9.67
2001-11-07,9.55,9.55,7.0,9.05
2001-11-08,8.8,10.0,8.19,8.41
2001-11-09,8.0,9.28,7.21,8.63
2001-11-12,9.1,9.85,8.93,9.24
2001-11-13,9.5,9.99,9.05,9.98
2001-11-14,10.05,10.28,9.6,10.0
2001-11-15,9.61,9.87,9.25,9.48
2001-11-16,9.2,9.38,8.95,9.0
2001-11-19,8.95,9.07,8.5,9.06
2001-11-20,8.3,8.3,6.55,6.99
2001-11-21,7.0,7.0,4.55,5.01
2001-11-23,5.15,5.15,4.55,4.71
2001-11-26,4.71,4.85,3.76,4.01
2001-11-27,4.1,4.5,3.83,4.11
2001-11-28,3.9,3.9,0.6,0.61
2001-11-29,0.46,0.52,0.3,0.36
2001-11-30,0.37,0.38,0.25,0.26
2001-12-03,0.45,0.45,0.26,0.4
2001-12-04,0.65,0.96,0.58,0.87
2001-12-05,1.25,1.26,0.94,1.01
2001-12-06,0.9,0.9,0.6,0.66
2001-12-07,0.84,0.84,0.67,0.75
2001-12-10,0.88,0.9,0.79,0.81
2001-12-11,0.86,0.86,0.71,0.72
2001-12-12,0.66,0.78,0.51,0.66
2001-12-13,0.66,0.69,0.6,0.66
2001-12-14,0.67,0.67,0.59,0.63
2001-12-17,0.6,0.64,0.55,0.57
2001-12-18,0.59,0.59,0.5,0.5
2001-12-19,0.5,0.51,0.41,0.44
2001-12-20,0.41,0.44,0.4,0.42
2001-12-21,0.48,0.59,0.45,0.53
2001-12-24,0.6,0.65,0.57,0.65
2001-12-26,0.67,0.74,0.65,0.65
2001-12-27,0.66,0.68,0.56,0.6
2001-12-28,0.6,0.61,0.56,0.6
2001-12-31,0.57,0.6,0.55,0.6
